-- phpMyAdmin SQL Dump
-- version 4.5.4.1deb2ubuntu2.1
-- http://www.phpmyadmin.net
--
-- Host: localhost
-- Generation Time: Dec 12, 2018 at 01:53 AM
-- Server version: 5.7.24-0ubuntu0.16.04.1
-- PHP Version: 7.0.32-0ubuntu0.16.04.1

SET SQL_MODE = "NO_AUTO_VALUE_ON_ZERO";
SET time_zone = "+00:00";


/*!40101 SET @OLD_CHARACTER_SET_CLIENT=@@CHARACTER_SET_CLIENT */;
/*!40101 SET @OLD_CHARACTER_SET_RESULTS=@@CHARACTER_SET_RESULTS */;
/*!40101 SET @OLD_COLLATION_CONNECTION=@@COLLATION_CONNECTION */;
/*!40101 SET NAMES utf8mb4 */;

--
-- Database: `websys`
--

-- --------------------------------------------------------

--
-- Table structure for table `Courses`
--

CREATE TABLE `Courses` (
  `course_id` int(11) NOT NULL,
  `subject` varchar(10) NOT NULL,
  `course_number` int(11) NOT NULL,
  `course_name` varchar(255) CHARACTER SET utf8 COLLATE utf8_unicode_ci NOT NULL
) ENGINE=InnoDB DEFAULT CHARSET=latin1;

--
-- Dumping data for table `Courses`
--

INSERT INTO `Courses` (`course_id`, `subject`, `course_number`, `course_name`) VALUES
(1, 'ADMN', 1010, 'Oral Communication For T As I'),
(2, 'ADMN', 1824, 'Student Success Labs'),
(3, 'ADMN', 1961, 'First Year Seminar'),
(4, 'ADMN', 1962, 'Admin Crsp'),
(5, 'ADMN', 6700, 'Orientation Sem For Grads'),
(6, 'ADMN', 6800, 'Ta Training Seminar'),
(7, 'ARCH', 2150, 'The Ethos of Architecture'),
(8, 'ARCH', 2160, 'Architectural Media'),
(9, 'ARCH', 2330, 'Structures 1'),
(10, 'ARCH', 2350, 'Construction Systems'),
(11, 'ARCH', 2510, 'Materials and Design'),
(12, 'ARCH', 2520, 'Digital Constructs 1'),
(13, 'ARCH', 2540, 'Digital Constructs 3'),
(14, 'ARCH', 2800, 'Architectural Design Studio 1'),
(15, 'ARCH', 2820, 'Architectural Design Studio 3'),
(16, 'ARCH', 2860, 'Building Performance Studio 2'),
(17, 'ARCH', 4020, 'Bedford Architecture Engineering Seminar'),
(18, 'ARCH', 4050, 'Cities and Their Territories'),
(19, 'ARCH', 4120, 'Cloud Atlas: 20th Century Architecture, Culture and Civilization'),
(20, 'ARCH', 4170, 'Environmental Parametrics'),
(21, 'ARCH', 4330, 'Structures 2'),
(22, 'ARCH', 4510, 'Construction Industry Seminar 1'),
(23, 'ARCH', 4540, 'Professional Practice 1'),
(24, 'ARCH', 4550, 'Professional Practice 2'),
(25, 'ARCH', 4560, 'Materials and Enclosures'),
(26, 'ARCH', 4580, 'Materials Systems & Production'),
(27, 'ARCH', 4750, 'Sustainable Building Design Metrics'),
(28, 'ARCH', 4770, 'Architectural Design Studio 5'),
(29, 'ARCH', 4780, 'Architectural Design Studio 6'),
(30, 'ARCH', 4790, 'Architectural Design Studio 7'),
(31, 'ARCH', 4820, 'Integrated Design Schematic'),
(32, 'ARCH', 4830, 'Integrated Design Development'),
(33, 'ARCH', 4840, 'Architectural Acoustics 1'),
(34, 'ARCH', 4860, 'Applied Psychoacoustics'),
(35, 'ARCH', 4890, 'Engineering Acoustics'),
(36, 'ARCH', 4910, 'Final Project Design Research Seminar'),
(37, 'ARCH', 4956, 'Research Design Seminar'),
(38, 'ARCH', 4957, 'Latin American Arch/Urbanism'),
(39, 'ARCH', 4958, 'Research Investigations'),
(40, 'ARCH', 4961, 'Veil & Beam: Arch Of Espionage'),
(41, 'ARCH', 4962, 'Exploratory Drawing'),
(42, 'ARCH', 4963, 'Contemporary Ceramic Assembly'),
(43, 'ARCH', 4964, 'Projecting Light'),
(44, 'ARCH', 4965, 'Sculpting The Intangible'),
(45, 'ARCH', 4966, 'Portfolio Development'),
(46, 'ARCH', 4967, 'Local Technologies & Systems'),
(47, 'ARCH', 4968, 'Nature & Arch'),
(48, 'ARCH', 4969, 'Upfolding Topology'),
(49, 'ARCH', 4971, 'Indefinite Form'),
(50, 'ARCH', 4972, 'Latin American Lang. & Culture'),
(51, 'ARCH', 5100, 'History, Theory, Criticism 1'),
(52, 'ARCH', 5140, 'Structures 1'),
(53, 'ARCH', 5150, 'Structures 2'),
(54, 'ARCH', 5200, 'Graduate Architecture Design 1'),
(55, 'ARCH', 5300, 'Materials and Construction Systems'),
(56, 'ARCH', 5340, 'Materials and Enclosures'),
(57, 'ARCH', 6310, 'Environmental History and Theory'),
(58, 'ARCH', 6320, 'Built Ecologies 1'),
(59, 'ARCH', 6340, 'Material Systems and Productions'),
(60, 'ARCH', 6350, 'Design Research Studio'),
(61, 'ARCH', 6380, 'Environmental Parametrics'),
(62, 'ARCH', 6610, 'Graduate Architecture Design 3'),
(63, 'ARCH', 6630, 'Graduate Architecture Design 5'),
(64, 'ARCH', 6750, 'Final Project Design Research Seminar'),
(65, 'ARCH', 6810, 'Research Design Seminar'),
(66, 'ARCH', 6840, 'Engineering Acoustics'),
(67, 'ARCH', 6860, 'Applied Psychoacoustics'),
(68, 'ARCH', 6870, 'Sonics Research Laboratory 1'),
(69, 'ARCH', 6910, 'Doctoral Seminar 1'),
(70, 'ARCH', 6920, 'Doctoral Seminar 2'),
(71, 'ARCH', 6940, 'Advanced Individual Projects in Architecture and Environmental Design'),
(72, 'ARCH', 6960, 'Special Topics in Architecture and Environmental Design'),
(73, 'ARCH', 6962, 'Ethical Consid In Ad Research'),
(74, 'ARCH', 6964, 'Advanced Digital Design I'),
(75, 'ARCH', 6966, 'Perspectives In Alz Research'),
(76, 'ARCH', 6980, 'Masters Project'),
(77, 'ARCH', 6990, 'Masters Thesis'),
(78, 'ARCH', 9990, 'Dissertation'),
(79, 'ARTS', 1020, 'Media Studio: Imaging'),
(80, 'ARTS', 1030, 'Digital Filmmaking'),
(81, 'ARTS', 1050, 'Art History: Paleolithic to Contemporary'),
(82, 'ARTS', 1200, 'Basic Drawing'),
(83, 'ARTS', 1380, 'Fundamentals of Music and Sound'),
(84, 'ARTS', 2010, 'Intermediate Video'),
(85, 'ARTS', 2020, 'Music And Technology 1'),
(86, 'ARTS', 2040, 'Intermediate Digital Imaging'),
(87, 'ARTS', 2070, 'Graphic Storytelling'),
(88, 'ARTS', 2200, 'Intermediate Drawing'),
(89, 'ARTS', 2210, 'Sculpture I'),
(90, 'ARTS', 2230, '3D Bootcamp'),
(91, 'ARTS', 2300, 'Rensselaer Orchestra'),
(92, 'ARTS', 2310, 'Rensselaer Concert Choir'),
(93, 'ARTS', 2340, 'Introduction to Afro Cuban Percussion'),
(94, 'ARTS', 2350, 'Chamber Music Ensemble'),
(95, 'ARTS', 2360, 'Roots of Africa Music Ensemble'),
(96, 'ARTS', 2380, 'Music and Sound I'),
(97, 'ARTS', 2540, 'The Multimedia Century'),
(98, 'ARTS', 2940, 'Studies in the Arts'),
(99, 'ARTS', 2962, 'Private Music Lessons: Voice'),
(100, 'ARTS', 2963, 'Designing Musical Games'),
(101, 'ARTS', 2964, 'Contemporary Improv Ensemble'),
(102, 'ARTS', 2966, 'Sound Recording & Production'),
(103, 'ARTS', 4040, 'Rethinking Documentary: Video Production'),
(104, 'ARTS', 4070, '3D Animation'),
(105, 'ARTS', 4210, 'Sculpture II'),
(106, 'ARTS', 4220, 'Painting'),
(107, 'ARTS', 4260, 'Life Drawing and Anatomy for Artists'),
(108, 'ARTS', 4390, 'Composition Seminar'),
(109, 'ARTS', 4840, 'Creative Seminar I'),
(110, 'ARTS', 4940, 'Studies in the Arts'),
(111, 'ARTS', 4961, 'Deep Listening Movement Explor'),
(112, 'ARTS', 4962, 'Irs: Sonification Art & Sci.'),
(113, 'ARTS', 4963, 'Ar Design   Cultural Heritage'),
(114, 'ARTS', 4964, '3 D Technical Direction'),
(115, 'ARTS', 4965, 'Biopunk: Arts Lab Practices'),
(116, 'ARTS', 6050, 'Rethinking Documentary: Video Production'),
(117, 'ARTS', 6220, 'Painting'),
(118, 'ARTS', 6260, 'Life Drawing and Anatomy for Artists'),
(119, 'ARTS', 6400, 'Experimental Game Design'),
(120, 'ARTS', 6570, 'Research Methods'),
(121, 'ARTS', 6900, 'Arts Graduate Colloquium'),
(122, 'ARTS', 6940, 'Studies in Electronic Arts'),
(123, 'ARTS', 6960, 'Topics in Electronic Arts'),
(124, 'ARTS', 6961, 'Deep Listening Movement Explor'),
(125, 'ARTS', 6962, 'Irs: Sonification Art & Sci.'),
(126, 'ARTS', 6963, 'Ar Design   Cultrual Heritage'),
(127, 'ARTS', 6965, 'Biopunk: Arts Lab Practices'),
(128, 'ARTS', 6990, 'Masters Thesis'),
(129, 'ARTS', 9990, 'Dissertation'),
(130, 'ASTR', 2050, 'Introductory Astronomy and Astrophysics'),
(131, 'ASTR', 2120, 'Earth and Sky'),
(132, 'ASTR', 4220, 'Astrophysics'),
(133, 'ASTR', 4960, 'Topics in Astronomy and Astrophysics'),
(134, 'ASTR', 6900, 'Astrophysics Seminar'),
(135, 'BCBP', 2900, 'Research in Biochemistry/Biophysics'),
(136, 'BCBP', 2940, 'Readings in Biochemistry/Biophysics'),
(137, 'BCBP', 4760, 'Molecular Biochemistry I'),
(138, 'BCBP', 4800, 'Methods in Biophysics'),
(139, 'BCBP', 4870, 'Protein Structure Determination'),
(140, 'BCBP', 4990, 'Senior Research Thesis'),
(141, 'BCBP', 6800, 'Methods in Biophysics'),
(142, 'BCBP', 6870, 'Protein Structure Determination'),
(143, 'BCBP', 6910, 'Research Rotation'),
(144, 'BCBP', 6940, 'Readings in Biochemistry/Biophysics'),
(145, 'BCBP', 9990, 'Dissertation'),
(146, 'BIOL', 1010, 'Introduction to Biology'),
(147, 'BIOL', 1015, 'Introduction to Biology Laboratory'),
(148, 'BIOL', 2120, 'Introduction to Cell and Molecular Biology'),
(149, 'BIOL', 2500, 'Genetics and Evolution'),
(150, 'BIOL', 2900, 'Research in Biology'),
(151, 'BIOL', 2930, 'Out-of-Classroom Experience in Biology'),
(152, 'BIOL', 2940, 'Ug Mentoring Intro Biology Iii'),
(153, 'BIOL', 4110, 'Investigative Medicine I'),
(154, 'BIOL', 4200, 'Biostatistics'),
(155, 'BIOL', 4260, 'Advanced Cell Biology'),
(156, 'BIOL', 4270, 'Human Physiology'),
(157, 'BIOL', 4320, 'Microbiology Lab'),
(158, 'BIOL', 4350, 'Virology'),
(159, 'BIOL', 4540, 'Sequence Analysis'),
(160, 'BIOL', 4630, 'Molecular Biology II'),
(161, 'BIOL', 4720, 'Molecular Biology Laboratory'),
(162, 'BIOL', 4740, 'Advanced Cell Biology Laboratory'),
(163, 'BIOL', 4760, 'Molecular Biochemistry I'),
(164, 'BIOL', 4940, 'Readings in Biology'),
(165, 'BIOL', 4970, 'Non-thesis Research'),
(166, 'BIOL', 4990, 'Senior Research Thesis'),
(167, 'BIOL', 6260, 'Advanced Cell Biology'),
(168, 'BIOL', 6350, 'Virology'),
(169, 'BIOL', 6410, 'Sequence Analysis'),
(170, 'BIOL', 6510, 'Biology Core Course I'),
(171, 'BIOL', 6690, 'Advanced Molecular Biology'),
(172, 'BIOL', 6900, 'Seminar in Biology'),
(173, 'BIOL', 6940, 'Readings in Biology'),
(174, 'BIOL', 6960, 'Curr Topics Cytoskeletal Rsch'),
(175, 'BIOL', 6962, 'Ethical Consid In Ad Research'),
(176, 'BIOL', 6963, 'Ethical Consid In Biotech'),
(177, 'BIOL', 6965, 'Research Rotation I'),
(178, 'BIOL', 6966, 'Perspectives In Bms & Eng'),
(179, 'BIOL', 6970, 'Professional Project'),
(180, 'BIOL', 6990, 'Masters Thesis'),
(181, 'BIOL', 9990, 'Dissertation'),
(182, 'BMED', 2100, 'Biomaterials Science and Engineering'),
(183, 'BMED', 2300, 'Bioimaging and Bioinstrumentation'),
(184, 'BMED', 2540, 'Biomechanics'),
(185, 'BMED', 2940, 'Studies in Biomedical Engineering'),
(186, 'BMED', 4010, 'Biomedical Engineering Laboratory'),
(187, 'BMED', 4110, 'Investigative Medicine I'),
(188, 'BMED', 4200, 'Modeling of Biomedical Systems'),
(189, 'BMED', 4260, 'Biomedical Product Development and Commercialization'),
(190, 'BMED', 4420, 'Clinical Orthopaedics and Contemporary Research'),
(191, 'BMED', 4450, 'Drug and Gene Delivery'),
(192, 'BMED', 4500, 'Advanced Systems Physiology'),
(193, 'BMED', 4540, 'Biomechanics II'),
(194, 'BMED', 4550, 'Cell Biomechanics'),
(195, 'BMED', 4580, 'Biomedical Fluid Mechanics'),
(196, 'BMED', 4590, 'Medical Imaging'),
(197, 'BMED', 4600, 'Biomedical Engineering Design'),
(198, 'BMED', 4940, 'Studies in Biomedical Engineering'),
(199, 'BMED', 4960, 'Bme Seminar'),
(200, 'BMED', 4961, 'Biostatistics'),
(201, 'BMED', 6420, 'Clinical Orthopaedics and Contemporary Research'),
(202, 'BMED', 6450, 'Drug and Gene Delivery'),
(203, 'BMED', 6480, 'Biomedical Data Science'),
(204, 'BMED', 6550, 'Cell Biomechanics'),
(205, 'BMED', 6590, 'Medical Imaging'),
(206, 'BMED', 6800, 'Discussions in Graduate Research'),
(207, 'BMED', 6940, 'Studies in Biomedical Engineering'),
(208, 'BMED', 6960, 'Bme Seminar'),
(209, 'BMED', 6961, 'Biostatistics'),
(210, 'BMED', 6963, 'Ethical Consid In Biotech'),
(211, 'BMED', 6964, 'Ethical Consid In Ad Research'),
(212, 'BMED', 6966, 'Perspectives In Bms & Eng'),
(213, 'BMED', 6970, 'Professional Project'),
(214, 'BMED', 6980, 'Masters Project'),
(215, 'BMED', 6990, 'Masters Thesis'),
(216, 'BMED', 9990, 'Dissertation'),
(217, 'CHEM', 1100, 'Chemistry I'),
(218, 'CHEM', 1110, 'Chemistry I with Advanced Lab'),
(219, 'CHEM', 1600, 'Materials Science'),
(220, 'CHEM', 1960, 'Chemistry For Life'),
(221, 'CHEM', 2110, 'Equilibrium Chemistry and Quantitative Analysis'),
(222, 'CHEM', 2120, 'Experimental Chemistry I: Analytical Techniques'),
(223, 'CHEM', 2230, 'Organic Chemistry Laboratory I'),
(224, 'CHEM', 2250, 'Organic Chemistry I'),
(225, 'CHEM', 2930, 'Out of Classroom Experience in Chemistry'),
(226, 'CHEM', 2950, 'Undergraduate Research'),
(227, 'CHEM', 4010, 'Inorganic Chemistry II'),
(228, 'CHEM', 4020, 'Experimental Chemistry III: Inorganic and Physical Methods'),
(229, 'CHEM', 4410, 'Macroscopic Physical Chemistry'),
(230, 'CHEM', 4440, 'Physical Chemistry for Life Sciences'),
(231, 'CHEM', 4530, 'Modern Techniques in Chemistry'),
(232, 'CHEM', 4760, 'Molecular Biochemistry I'),
(233, 'CHEM', 4900, 'Professional Development Seminar'),
(234, 'CHEM', 4950, 'Senior Experience'),
(235, 'CHEM', 4960, 'Selected Topics in Chemistry'),
(236, 'CHEM', 4961, 'Mass Spectroscopy'),
(237, 'CHEM', 4962, 'Biocatalysis'),
(238, 'CHEM', 4970, 'Advanced Research Project'),
(239, 'CHEM', 4990, 'Senior Thesis'),
(240, 'CHEM', 6200, 'Organic Spectra Interpretation'),
(241, 'CHEM', 6710, 'Chemical Biology'),
(242, 'CHEM', 6750, 'Biocatalysis: Fundamentals and Applications'),
(243, 'CHEM', 6900, 'Chemistry Seminar'),
(244, 'CHEM', 6910, 'Chemistry Teaching Seminar'),
(245, 'CHEM', 6940, 'Readings in Chemistry'),
(246, 'CHEM', 6950, 'Introduction to Research'),
(247, 'CHEM', 6960, 'Selected Topics in Chemistry'),
(248, 'CHEM', 6961, 'Mass Spectroscopy'),
(249, 'CHEM', 6962, 'Ethical Consid In Ad Research'),
(250, 'CHEM', 6963, 'Ethical Consid In Biotech'),
(251, 'CHEM', 6966, 'Perspectives In Bms & Eng'),
(252, 'CHEM', 6970, 'Professional Project'),
(253, 'CHEM', 6990, 'Masters Thesis'),
(254, 'CHEM', 9990, 'Dissertation'),
(255, 'CHME', 1010, 'Introduction to Chemical Engineering'),
(256, 'CHME', 2010, 'Material, Energy, and Entropy Balances'),
(257, 'CHME', 2940, 'Readings in Chemical Engineering'),
(258, 'CHME', 2961, 'Intro   Computational Chem Eng'),
(259, 'CHME', 4010, 'Transport Phenomena I'),
(260, 'CHME', 4020, 'Transport Phenomena II'),
(261, 'CHME', 4030, 'Chemical Process Dynamics and Control'),
(262, 'CHME', 4040, 'Chemical Engineering Separations'),
(263, 'CHME', 4150, 'Chemical Engineering Laboratory I'),
(264, 'CHME', 4430, 'Introduction to Biochemical Engineering'),
(265, 'CHME', 4500, 'Chemical Reactor Design'),
(266, 'CHME', 4940, 'Readings in Chemical Engineering'),
(267, 'CHME', 4962, 'Molecular Separations'),
(268, 'CHME', 4963, 'Careers In Chemical Engr'),
(269, 'CHME', 4965, 'Metabolic Engineering'),
(270, 'CHME', 4966, 'Chem Engr Process Simulations'),
(271, 'CHME', 4967, 'Lignin Valorization'),
(272, 'CHME', 6430, 'Biochemical Engineering'),
(273, 'CHME', 6570, 'Chemical and Phase Equilibrium'),
(274, 'CHME', 6610, 'Mathematical Methods in Chemical Engineering I'),
(275, 'CHME', 6840, 'An Introduction to Multiphase Flow and Heat Transfer I'),
(276, 'CHME', 6900, 'Chemical and Biological Engineering Seminar'),
(277, 'CHME', 6940, 'Readings in Chemical Engineering'),
(278, 'CHME', 6962, 'Intro To Molecular Separations'),
(279, 'CHME', 6963, 'Cbe Phd On Ramp Seminar'),
(280, 'CHME', 6964, 'Bio Process Design'),
(281, 'CHME', 6965, 'Metabolic Engineering'),
(282, 'CHME', 6966, 'Perspectives In Bms & Eng'),
(283, 'CHME', 6967, 'Ethical Consid In Ad Research'),
(284, 'CHME', 6968, 'Ethical Consid In Biotech'),
(285, 'CHME', 6970, 'Professional Project'),
(286, 'CHME', 6980, 'Masters Project'),
(287, 'CHME', 6990, 'Masters Thesis'),
(288, 'CHME', 9990, 'Dissertation'),
(289, 'CIVL', 1200, 'Engineering Graphics for Civil Engineers'),
(290, 'CIVL', 2030, 'Introduction to Transportation Engineering'),
(291, 'CIVL', 2630, 'Introduction to Geotechnical Engineering'),
(292, 'CIVL', 2670, 'Introduction to Structural Engineering'),
(293, 'CIVL', 2940, 'Readings in Civil Engineering'),
(294, 'CIVL', 4010, 'Foundation Engineering'),
(295, 'CIVL', 4020, 'Bedford Seminar'),
(296, 'CIVL', 4070, 'Steel Design'),
(297, 'CIVL', 4140, 'Geoenvironmental Engineering'),
(298, 'CIVL', 4240, 'Introduction to Finite Elements'),
(299, 'CIVL', 4620, 'Mass Transit Systems'),
(300, 'CIVL', 4640, 'Transportation System Planning'),
(301, 'CIVL', 4961, 'Bedford Digital Tools Devel.'),
(302, 'CIVL', 6170, 'Mechanics of Solids'),
(303, 'CIVL', 6240, 'Intelligent Transportation Systems'),
(304, 'CIVL', 6250, 'Transportation Systems Planning'),
(305, 'CIVL', 6270, 'Traffic Control and Simulation'),
(306, 'CIVL', 6310, 'Advanced Concrete Structures'),
(307, 'CIVL', 6340, 'Bedford Design Studio'),
(308, 'CIVL', 6360, 'Timber Design'),
(309, 'CIVL', 6450, 'Structural Dynamics'),
(310, 'CIVL', 6550, 'Advanced Geoenvironmental Engineering'),
(311, 'CIVL', 6660, 'Fundamentals of Finite Elements'),
(312, 'CIVL', 6910, 'Colloquium Series'),
(313, 'CIVL', 6940, 'Readings in Civil Engineering'),
(314, 'CIVL', 6980, 'Masters Project'),
(315, 'CIVL', 6990, 'Masters Thesis'),
(316, 'CIVL', 9990, 'Dissertation'),
(317, 'COGS', 2340, 'Introduction to Linguistics'),
(318, 'COGS', 4410, 'Programming for Cognitive Science and Artificial Intelligence'),
(319, 'COGS', 4420, 'Game AI'),
(320, 'COGS', 4440, 'Sensibilities'),
(321, 'COGS', 4560, 'A Cross Linguistics Perspective'),
(322, 'COGS', 4961, 'Ability And Expertise'),
(323, 'COGS', 4962, 'Empathy And Emotions'),
(324, 'COGS', 4965, 'Artificial Intelligent Agents'),
(325, 'COGS', 4967, 'Human Perf Modeling & Support'),
(326, 'COGS', 4990, 'Undergraduate Thesis'),
(327, 'COGS', 6410, 'Programming for Cognitive Science and Artificial Intelligence'),
(328, 'COGS', 6560, 'A Cross Linguistic Perspective'),
(329, 'COGS', 6570, 'Advanced Behavioral Statistics'),
(330, 'COGS', 6961, 'Ability And Expertise'),
(331, 'COGS', 6962, 'Professional Seminar'),
(332, 'COGS', 6965, 'Artificial Intelligent Agents'),
(333, 'COGS', 6968, 'Research Problems In Cog Sci'),
(334, 'COGS', 6980, 'Masters Project'),
(335, 'COGS', 6990, 'Masters Thesis'),
(336, 'COGS', 9990, 'Doctoral Thesis'),
(337, 'COMM', 2110, 'Writing for the Screen'),
(338, 'COMM', 2520, 'Communication Theory and Practice'),
(339, 'COMM', 2660, 'Introduction to Graphics'),
(340, 'COMM', 2940, 'Communication Studies'),
(341, 'COMM', 4250, 'Writing for Games II'),
(342, 'COMM', 4320, 'Visual Poetics and Narrative'),
(343, 'COMM', 4420, 'Foundations of HCI Usability'),
(344, 'COMM', 4620, 'Language and Culture'),
(345, 'COMM', 4770, 'User-Experience Design'),
(346, 'COMM', 4940, 'Communication Studies'),
(347, 'COMM', 4941, 'Non W. Narrative Structures'),
(348, 'COMM', 6320, 'Visual Poetics and Narrative'),
(349, 'COMM', 6420, 'Foundations of Human Computer Interaction Usability'),
(350, 'COMM', 6770, 'User-Experience Design'),
(351, 'COMM', 6940, 'Communication Studies'),
(352, 'COMM', 6980, 'Masters Project In Comm'),
(353, 'COMM', 6990, 'Masters Thesis'),
(354, 'COMM', 9990, 'Dissertation'),
(355, 'CSCI', 1010, 'Introduction to Computer Programming'),
(356, 'CSCI', 1100, 'Computer Science I'),
(357, 'CSCI', 1190, 'Beginning Programming for Engineers'),
(358, 'CSCI', 1200, 'Data Structures'),
(359, 'CSCI', 2200, 'Foundations of Computer Science'),
(360, 'CSCI', 2300, 'Introduction to Algorithms'),
(361, 'CSCI', 2500, 'Computer Organization'),
(362, 'CSCI', 2600, 'Principles of Software'),
(363, 'CSCI', 2960, 'Web Systems Development'),
(364, 'CSCI', 4030, 'Randomized Algorithms'),
(365, 'CSCI', 4100, 'Machine Learning from Data'),
(366, 'CSCI', 4120, 'Computational Finance'),
(367, 'CSCI', 4220, 'Network Programming'),
(368, 'CSCI', 4230, 'Cryptography and Network Security I'),
(369, 'CSCI', 4250, 'Frontiers of Network Science'),
(370, 'CSCI', 4270, 'Computational Vision'),
(371, 'CSCI', 4340, 'Ontologies'),
(372, 'CSCI', 4350, 'Data Science'),
(373, 'CSCI', 4380, 'Database Systems'),
(374, 'CSCI', 4390, 'Data Mining'),
(375, 'CSCI', 4430, 'Programming Languages'),
(376, 'CSCI', 4440, 'Software Design and Documentation'),
(377, 'CSCI', 4480, 'Robotics I'),
(378, 'CSCI', 4510, 'Distributed Systems and Algorithms'),
(379, 'CSCI', 4520, 'Game Development I'),
(380, 'CSCI', 4800, 'Numerical Computing'),
(381, 'CSCI', 4940, 'Readings in Computer Science'),
(382, 'CSCI', 4960, 'Topics in Computer Science'),
(383, 'CSCI', 4963, 'Large Scale Prog And Testing'),
(384, 'CSCI', 4964, 'Cognitive Computing'),
(385, 'CSCI', 4965, 'Rcos'),
(386, 'CSCI', 4966, 'Programming For Cog Sci & Ai'),
(387, 'CSCI', 4967, 'Game Ai'),
(388, 'CSCI', 4969, 'Networking In The Linux Kernel'),
(389, 'CSCI', 4977, 'Network Resilience'),
(390, 'CSCI', 6100, 'Machine Learning from Data'),
(391, 'CSCI', 6120, 'Computational Finance'),
(392, 'CSCI', 6220, 'Randomized Algorithms'),
(393, 'CSCI', 6230, 'Cryptography and Network Security I'),
(394, 'CSCI', 6250, 'Frontiers of Network Science'),
(395, 'CSCI', 6270, 'Computational Vision'),
(396, 'CSCI', 6340, 'Ontologies'),
(397, 'CSCI', 6350, 'Data Science'),
(398, 'CSCI', 6390, 'Data Mining'),
(399, 'CSCI', 6430, 'Programming Languages'),
(400, 'CSCI', 6510, 'Distributed Systems and Algorithms'),
(401, 'CSCI', 6800, 'Computational Linear Algebra'),
(402, 'CSCI', 6900, 'Computer Science Seminar'),
(403, 'CSCI', 6940, 'Readings in Computer Science'),
(404, 'CSCI', 6962, 'Network Resilience'),
(405, 'CSCI', 6963, 'Large Scale Prog And Testing'),
(406, 'CSCI', 6964, 'Cognitive Computing'),
(407, 'CSCI', 6966, 'Networking In The Linux Kernel'),
(408, 'CSCI', 6969, 'Graduate Skills'),
(409, 'CSCI', 6980, 'Masters Project'),
(410, 'CSCI', 6990, 'Masters Thesis'),
(411, 'CSCI', 9990, 'Dissertation'),
(412, 'ECON', 2010, 'Intermediate Microeconomic Theory'),
(413, 'ECON', 2020, 'Intermediate Macroeconomic Theory'),
(414, 'ECON', 2940, 'Readings in Economics'),
(415, 'ECON', 4130, 'Money and Banking'),
(416, 'ECON', 4140, 'Structure of Industry:  Competition, Innovation, Entrepreneurship, Policy'),
(417, 'ECON', 4150, 'Economics of Government Regulation'),
(418, 'ECON', 4170, 'Health Economics and Policy'),
(419, 'ECON', 4190, 'International Economics and Globalization'),
(420, 'ECON', 4330, 'Economics of Financial Institutions and Markets'),
(421, 'ECON', 4570, 'Econometrics'),
(422, 'ECON', 4900, 'Seminar in Economics'),
(423, 'ECON', 4940, 'Readings in Economics'),
(424, 'ECON', 4964, 'Behavioral Economics'),
(425, 'ECON', 4966, 'Econometric Methods   Big Data'),
(426, 'ECON', 4967, 'Applied Game Theory'),
(427, 'ECON', 6140, 'Advanced Structure of Industry'),
(428, 'ECON', 6150, 'Advanced Economics of Government Regulation'),
(429, 'ECON', 6170, 'Health Economics and Policy'),
(430, 'ECON', 6190, 'Advanced International Economics and Globalization'),
(431, 'ECON', 6560, 'Introduction to Econometrics'),
(432, 'ECON', 6940, 'Readings in Economics'),
(433, 'ECON', 6960, 'Topics in Economic Theory'),
(434, 'ECON', 6961, 'Applied Econometrics'),
(435, 'ECON', 6964, 'Behavioral Economics'),
(436, 'ECON', 6966, 'Econometric Methods   Big Data'),
(437, 'ECON', 6967, 'Applied Game Theory'),
(438, 'ECON', 9990, 'Dissertation'),
(439, 'ECSE', 1010, 'Introduction to Electrical, Computer, and Systems Engineering'),
(440, 'ECSE', 1090, 'Introduction to Mechatronics Hardware and Software'),
(441, 'ECSE', 2010, 'Electric Circuits'),
(442, 'ECSE', 2050, 'Introduction to Electronics'),
(443, 'ECSE', 2100, 'Fields and Waves I'),
(444, 'ECSE', 2110, 'Electrical Energy Systems'),
(445, 'ECSE', 2210, 'Microelectronics Technology'),
(446, 'ECSE', 2410, 'Signals and Systems'),
(447, 'ECSE', 2500, 'Engineering Probability'),
(448, 'ECSE', 2610, 'Computer Components and Operations'),
(449, 'ECSE', 2660, 'Computer Architecture, Networks, and Operating Systems'),
(450, 'ECSE', 2900, 'ECSE Enrichment Seminar'),
(451, 'ECSE', 2941, 'Undergraduate Research Project'),
(452, 'ECSE', 2960, 'Practicum In College Teaching'),
(453, 'ECSE', 4030, 'Analog IC Design'),
(454, 'ECSE', 4080, 'Semiconductor Power Electronics'),
(455, 'ECSE', 4090, 'Mechatronics'),
(456, 'ECSE', 4110, 'Power Engineering Analysis'),
(457, 'ECSE', 4220, 'VLSI Design'),
(458, 'ECSE', 4250, 'Integrated Circuit Processes and Design'),
(459, 'ECSE', 4380, 'Fundamentals of Solid State Lighting Systems'),
(460, 'ECSE', 4440, 'Control Systems Engineering'),
(461, 'ECSE', 4480, 'Robotics I'),
(462, 'ECSE', 4520, 'Communication Systems'),
(463, 'ECSE', 4530, 'Digital Signal Processing'),
(464, 'ECSE', 4670, 'Computer Communication Networks'),
(465, 'ECSE', 4720, 'Solid-State Physics'),
(466, 'ECSE', 4750, 'Computer Graphics'),
(467, 'ECSE', 4770, 'Computer Hardware Design'),
(468, 'ECSE', 4790, 'Microprocessor Systems'),
(469, 'ECSE', 4900, 'Multidisciplinary Capstone Design'),
(470, 'ECSE', 4940, 'Independent Studies in Electrical, Computer, and Systems Engineering'),
(471, 'ECSE', 4961, 'Mod&Sim For Cyber Physical Sys'),
(472, 'ECSE', 4962, 'Introduction Machine Learning'),
(473, 'ECSE', 6110, 'Power Engineering Analysis'),
(474, 'ECSE', 6150, 'Electric and Magnetic Fields in Electric Power Engineering'),
(475, 'ECSE', 6220, 'Physical Foundations of Solid-State Devices'),
(476, 'ECSE', 6230, 'Semiconductor Devices and Models I'),
(477, 'ECSE', 6400, 'Systems Analysis Techniques'),
(478, 'ECSE', 6470, 'Robotics I'),
(479, 'ECSE', 6510, 'Introduction to Stochastic Signals and Systems'),
(480, 'ECSE', 6530, 'Information Theory and Coding'),
(481, 'ECSE', 6610, 'Pattern Recognition'),
(482, 'ECSE', 6730, 'Fault Tolerant Digital Systems'),
(483, 'ECSE', 6810, 'Introduction to Probabilistic Graphical Models'),
(484, 'ECSE', 6900, 'Seminar in Electrical, Computer, and Systems Engineering'),
(485, 'ECSE', 6961, 'Mod&Sim For Cyber Physical Sys'),
(486, 'ECSE', 6963, 'Adv Topics In Large Power Sys'),
(487, 'ECSE', 6964, 'Computer Graphics'),
(488, 'ECSE', 6970, 'Professional Project'),
(489, 'ECSE', 6980, 'Masters Project'),
(490, 'ECSE', 6990, 'Masters Thesis'),
(491, 'ECSE', 9990, 'Dissertation'),
(492, 'ENGR', 1100, 'Intro To Engr Analysis'),
(493, 'ENGR', 1200, 'Engineering Graphics and CAD'),
(494, 'ENGR', 1300, 'Engineering Processes'),
(495, 'ENGR', 1400, 'Engineering Communications'),
(496, 'ENGR', 1600, 'Materials Science For Engineer'),
(497, 'ENGR', 1700, 'Introduction to Better World Engineering'),
(498, 'ENGR', 2050, 'Intro Engr Design'),
(499, 'ENGR', 2090, 'Engineering Dynamics'),
(500, 'ENGR', 2250, 'Thermal and Fluids Engineering I'),
(501, 'ENGR', 2300, 'Electronic Instrumentation'),
(502, 'ENGR', 2350, 'Embedded Control'),
(503, 'ENGR', 2530, 'Strength Of Materials'),
(504, 'ENGR', 2600, 'Modeling & Analysis Uncertaint'),
(505, 'ENGR', 2710, 'General Manufacturing Processes'),
(506, 'ENGR', 2720, 'Computer Aided Machining'),
(507, 'ENGR', 2950, 'Undergraduate Research Project'),
(508, 'ENGR', 4010, 'Professional Devel Iii'),
(509, 'ENGR', 4100, 'Business Issues for Engineers and Scientists'),
(510, 'ENGR', 4710, 'Manufacturing Processes and Systems Laboratory I'),
(511, 'ENGR', 4760, 'Engineering Economics'),
(512, 'ENGR', 6100, 'Business Issues for Engineers and Scientists'),
(513, 'ENGR', 6120, 'Advanced Manufacturing Processes and Systems'),
(514, 'ENVE', 2110, 'Introduction to Environmental Engineering'),
(515, 'ENVE', 2940, 'Readings in Environmental Engineering'),
(516, 'ENVE', 4240, 'Bench Scale Design'),
(517, 'ENVE', 4330, 'Introduction to Air Quality'),
(518, 'ENVE', 4350, 'Biological Processes in Environmental Engineering'),
(519, 'ENVE', 4710, 'Groundwater Hydrology'),
(520, 'ENVE', 4940, 'Studies in Environmental Engineering'),
(521, 'ENVE', 6110, 'Advanced Groundwater Hydrology'),
(522, 'ENVE', 6980, 'Masters Project'),
(523, 'ENVE', 6990, 'Masters Thesis'),
(524, 'ENVE', 9990, 'Dissertation'),
(525, 'ERTH', 1100, 'Geology I: Earths Interior'),
(526, 'ERTH', 1150, 'Geology I: Earths Interior Lab'),
(527, 'ERTH', 2120, 'Structural Geology'),
(528, 'ERTH', 2210, 'Field Methods'),
(529, 'ERTH', 2960, 'Intro To Geobiology'),
(530, 'ERTH', 4200, 'Applied Micropaleontology'),
(531, 'ERTH', 4350, 'Data Science'),
(532, 'ERTH', 4710, 'Groundwater Hydrology'),
(533, 'ERTH', 4940, 'Readings in Geology'),
(534, 'ERTH', 4970, 'Out-of-Classroom Experience in Earth Sciences'),
(535, 'ERTH', 6200, 'Applied Micropaleontology'),
(536, 'ERTH', 6350, 'Data Science'),
(537, 'ERTH', 6710, 'Advanced Groundwater Hydrology'),
(538, 'ERTH', 6940, 'Readings in Geology'),
(539, 'ERTH', 6980, 'Masters Project'),
(540, 'ERTH', 6990, 'Masters Thesis'),
(541, 'ERTH', 9990, 'Dissertation'),
(542, 'GSAS', 1040, 'Art for Interactive Media'),
(543, 'GSAS', 1600, 'History and Culture of Games'),
(544, 'GSAS', 2510, 'Introduction to Game Design'),
(545, 'GSAS', 2520, 'Introduction to Game Storytelling'),
(546, 'GSAS', 4510, 'Experimental Game Design'),
(547, 'GSAS', 4520, 'Game Development I'),
(548, 'IENV', 4700, 'One Mile of the Hudson River'),
(549, 'IHSS', 1010, 'Exploring Music @Rensselaer'),
(550, 'IHSS', 1080, 'History of Jazz and Improvised Music'),
(551, 'IHSS', 1110, 'Nature/Society'),
(552, 'IHSS', 1140, 'Minds and Machines'),
(553, 'IHSS', 1200, 'Principles of Economics'),
(554, 'IHSS', 1240, 'Environment and Politics'),
(555, 'IHSS', 1290, 'American Politics in Crisis'),
(556, 'IHSS', 1300, 'Race and Film in U.S. Culture and History'),
(557, 'IHSS', 1350, 'Law, Values, and Public Policy: Perspectives on Science and Technology'),
(558, 'IHSS', 1410, 'Century of the Gene'),
(559, 'IHSS', 1610, 'Product Design and Innovation Design Studio I'),
(560, 'IHSS', 1960, 'Making Games To Chg The World'),
(561, 'IHSS', 1961, 'Cultiv Curiosity Arts & Neuro'),
(562, 'IHSS', 1962, 'Music And Nature'),
(563, 'IHSS', 1963, 'Tech & Social Inter In Us'),
(564, 'IHSS', 1964, 'Are Humans Rational?'),
(565, 'IHSS', 1965, 'Open Source Art,Music,Culture'),
(566, 'IHSS', 1966, 'Music And Protest'),
(567, 'IHSS', 1967, 'Religion In A Global World'),
(568, 'IHSS', 1968, 'Blended Reality &  Internet'),
(569, 'IHSS', 1969, 'History Of Design'),
(570, 'IHSS', 1970, 'Deep Listening'),
(571, 'IHSS', 1971, 'Phil, Tech & The Human Future'),
(572, 'IHSS', 1972, 'Great Ideas In Philosophy'),
(573, 'IHSS', 1973, 'Human Rights In History'),
(574, 'IHSS', 1974, 'Design As A Global Challenge'),
(575, 'IHSS', 1976, 'The Genome And You'),
(576, 'IHSS', 1977, 'War & Tech Past, Pres, Future'),
(577, 'IHSS', 1979, 'Race, Class, Gender And Tech'),
(578, 'IHSS', 1980, 'Sociolgy Of Inequal In U.S.Soc'),
(579, 'IHSS', 1982, 'Songwrit To Reflect Times'),
(580, 'IHSS', 1983, 'Acting With Computers'),
(581, 'IHSS', 2610, 'Product Design and Innovation Studio III'),
(582, 'IHSS', 6960, 'Research Methods'),
(583, 'IHSS', 6961, 'Advanced Social Theory'),
(584, 'ISCI', 1600, 'Materials Science'),
(585, 'ISCI', 4950, 'Research Rotation'),
(586, 'ISCI', 6980, 'Masters Project'),
(587, 'ISCI', 9990, 'Dissertation'),
(588, 'ISYE', 1100, 'Introduction to Industrial & Systems Engineering'),
(589, 'ISYE', 4140, 'Statistical Analysis'),
(590, 'ISYE', 4200, 'Design and Analysis of Work Systems'),
(591, 'ISYE', 4210, 'Design and Analysis of Supply Chains'),
(592, 'ISYE', 4260, 'Human Performance Modeling and Support'),
(593, 'ISYE', 4270, 'Multidisciplinary Capstone Design'),
(594, 'ISYE', 4280, 'Decision Focused Systems Engineering'),
(595, 'ISYE', 4290, 'Discrete Event Simulation Modeling and Analysis'),
(596, 'ISYE', 4330, 'Design of Experiments'),
(597, 'ISYE', 4530, 'Information Systems'),
(598, 'ISYE', 4600, 'Operations Research Methods'),
(599, 'ISYE', 4960, 'Topics in ISYE'),
(600, 'ISYE', 6020, 'Design of Experiments'),
(601, 'ISYE', 6600, 'Design of Manufacturing System Supply Chains'),
(602, 'ISYE', 6610, 'Systems Modeling in Decision Sciences'),
(603, 'ISYE', 6620, 'Discrete Event Simulation'),
(604, 'ISYE', 6780, 'Conic Optimization'),
(605, 'ISYE', 6900, 'Seminar in ISYE Research'),
(606, 'ISYE', 6960, 'Topics in ISYE'),
(607, 'ISYE', 6961, 'Stochastic Models Optimization'),
(608, 'ISYE', 6970, 'Professional Project'),
(609, 'ISYE', 6990, 'Masters Thesis'),
(610, 'ISYE', 9990, 'Dissertation'),
(611, 'ITWS', 1100, 'Introduction to Information Technology and Web Science'),
(612, 'ITWS', 2110, 'Web Systems Development'),
(613, 'ITWS', 4100, 'Information Technology and Web Science Capstone'),
(614, 'ITWS', 4300, 'Business Issues for Engineers and Scientists'),
(615, 'ITWS', 4310, 'Managing IT Resources'),
(616, 'ITWS', 4350, 'Data Science'),
(617, 'ITWS', 4600, 'Data Analytics'),
(618, 'ITWS', 4700, 'Software Development'),
(619, 'ITWS', 4960, 'Itws Database Systems'),
(620, 'ITWS', 4961, 'Data Analytics Research Lab'),
(621, 'ITWS', 4980, 'Special Projects'),
(622, 'ITWS', 4990, 'Senior Thesis'),
(623, 'ITWS', 6300, 'Business Issues for Engineers and Scientists'),
(624, 'ITWS', 6350, 'Data Science'),
(625, 'ITWS', 6600, 'Data Analytics'),
(626, 'ITWS', 6700, 'Software Development'),
(627, 'ITWS', 6800, 'Information Technology Masters Capstone'),
(628, 'ITWS', 6960, 'Itws Database Systems'),
(629, 'ITWS', 6961, 'Data Analytics Research Lab'),
(630, 'ITWS', 6962, 'Big Data Policies'),
(631, 'ITWS', 6980, 'Masters Project'),
(632, 'ITWS', 6990, 'Masters Thesis'),
(633, 'LANG', 1410, 'Chinese I'),
(634, 'LANG', 2410, 'Chinese II'),
(635, 'LANG', 2420, 'Chinese III'),
(636, 'LANG', 4430, 'Chinese IV'),
(637, 'LGHT', 4230, 'Lighting Design'),
(638, 'LGHT', 4770, 'Lighting Technologies and Applications'),
(639, 'LGHT', 4830, 'Physics of Light'),
(640, 'LGHT', 4840, 'Human Factors in Lighting'),
(641, 'LGHT', 6830, 'The Physics of Light'),
(642, 'LGHT', 6940, 'Advanced Individual Projects in Lighting'),
(643, 'LGHT', 6980, 'Masters Project'),
(644, 'LITR', 2110, 'Introduction to Literature'),
(645, 'LITR', 6940, 'Literature Studies'),
(646, 'MANE', 1090, 'Introduction to Mechatronics Hardware and Software'),
(647, 'MANE', 1100, 'Introduction to Nuclear Engineering'),
(648, 'MANE', 2220, 'Inventors Studio 1'),
(649, 'MANE', 2400, 'Fundamentals of Nuclear Engineering'),
(650, 'MANE', 2830, 'Nuclear Phenomena for Engineering Applications'),
(651, 'MANE', 2940, 'Readings in Mechanical Engineering, Aerospace Engineering, or Nuclear Engineering'),
(652, 'MANE', 2960, 'Topics in Mechanical Engineering, Aerospace Engineering, or Nuclear Engineering'),
(653, 'MANE', 4010, 'Thermal and Fluids Engineering II'),
(654, 'MANE', 4020, 'Thermal and Fluids Engineering Laboratory'),
(655, 'MANE', 4030, 'Elements of Mechanical Design'),
(656, 'MANE', 4040, 'Mechanical Systems Laboratory'),
(657, 'MANE', 4050, 'Modeling and Control of Dynamic Systems'),
(658, 'MANE', 4060, 'Aerospace Structures and Materials'),
(659, 'MANE', 4070, 'Aerodynamics I'),
(660, 'MANE', 4080, 'Propulsion Systems'),
(661, 'MANE', 4090, 'Flight Mechanics'),
(662, 'MANE', 4120, 'Robotics I'),
(663, 'MANE', 4200, 'Rotorcraft Performance, Stability, and Control'),
(664, 'MANE', 4220, 'Inventors Studio 2'),
(665, 'MANE', 4240, 'Introduction to Finite Elements'),
(666, 'MANE', 4260, 'Multidisciplinary Capstone Design'),
(667, 'MANE', 4280, 'Numerical Design Optimization'),
(668, 'MANE', 4350, 'Nuclear Instrumentation and Measurement'),
(669, 'MANE', 4370, 'Nuclear Engineering Laboratory'),
(670, 'MANE', 4380, 'Nuclear Engineering Senior Design Project I'),
(671, 'MANE', 4420, 'Radiation Technology'),
(672, 'MANE', 4490, 'Mechatronics'),
(673, 'MANE', 4610, 'Vibrations'),
(674, 'MANE', 4670, 'Mechanical Behavior of Materials'),
(675, 'MANE', 4710, 'Heat Transfer'),
(676, 'MANE', 4760, 'Heating, Ventilation, and Air Conditioning'),
(677, 'MANE', 4800, 'Boundary Layers and Heat Transfer'),
(678, 'MANE', 4850, 'Space Vehicle Design'),
(679, 'MANE', 4880, 'Mane Laboratory Safety Program'),
(680, 'MANE', 4900, 'Aeroelasticity and Structural Vibrations'),
(681, 'MANE', 4910, 'Fluid Dynamics Laboratory'),
(682, 'MANE', 4920, 'Aerospace Structures and Control Laboratory'),
(683, 'MANE', 4940, 'Individual Projects in Mechanical Engineering, Aerospace Engineering or Nuclear Engineering'),
(684, 'MANE', 4960, 'Topics in Mechanical Engineering, Aerospace Engineering, or Nuclear Engineering'),
(685, 'MANE', 4961, 'Propulsion Systems'),
(686, 'MANE', 4964, 'Control Systems Engineering'),
(687, 'MANE', 5000, 'Advanced Engineering Mathematics I'),
(688, 'MANE', 6060, 'Rotorcraft Performance, Stability, and Control'),
(689, 'MANE', 6120, 'Robotics I'),
(690, 'MANE', 6170, 'Mechanics of Solids'),
(691, 'MANE', 6230, 'Advanced Manufacturing Processes and Systems'),
(692, 'MANE', 6260, 'Radiation Technology and Applications'),
(693, 'MANE', 6280, 'Nuclear Reactor Analysis II'),
(694, 'MANE', 6320, 'Radioactive Waste Management'),
(695, 'MANE', 6360, 'Reactor Reliability and Safety'),
(696, 'MANE', 6520, 'Fluid Mechanics'),
(697, 'MANE', 6600, 'Systems Analysis Techniques'),
(698, 'MANE', 6660, 'Fundamentals of Finite Elements'),
(699, 'MANE', 6730, 'Tribology'),
(700, 'MANE', 6840, 'An Introduction to Multiphase Flow and Heat Transfer I'),
(701, 'MANE', 6900, 'Seminar'),
(702, 'MANE', 6940, 'Individual Projects in Mechanical Engineering, Aeronautical Engineering, Nuclear Engineering, or Engineering Physics'),
(703, 'MANE', 6960, 'Topics in Mechanical Engineering, Aeronautical Engineering, Nuclear Engineering, or Engineering Physics'),
(704, 'MANE', 6961, 'Advanced Heat Transfer'),
(705, 'MANE', 6962, 'Experimental Mechanics'),
(706, 'MANE', 6963, 'Advanced Design Optimization'),
(707, 'MANE', 6968, 'Adv.  Finite Element Analysis'),
(708, 'MANE', 6980, 'Masters Project'),
(709, 'MANE', 6990, 'Masters Thesis'),
(710, 'MANE', 9990, 'Dissertation'),
(711, 'MATH', 1010, 'Calculus I'),
(712, 'MATH', 1020, 'Calculus Ii'),
(713, 'MATH', 1500, 'Calculus for Architecture, Management, and HASS'),
(714, 'MATH', 1900, 'Art and Science of Mathematics I'),
(715, 'MATH', 2010, 'Multivar Calc & Matrix Algebra'),
(716, 'MATH', 2400, 'Intro Differential Equations'),
(717, 'MATH', 2940, 'Readings in Mathematics'),
(718, 'MATH', 4040, 'Introduction to Topology'),
(719, 'MATH', 4090, 'Foundation of Analysis'),
(720, 'MATH', 4100, 'Linear Algebra'),
(721, 'MATH', 4200, 'Mathematical Analysis I'),
(722, 'MATH', 4400, 'Ordinary Differential Equations and Dynamical Systems'),
(723, 'MATH', 4600, 'Advanced Calculus'),
(724, 'MATH', 4700, 'Foundations of Applied Mathematics'),
(725, 'MATH', 4720, 'Mathematics in Medicine and Biology'),
(726, 'MATH', 4740, 'Introduction to Financial Mathematics and Engineering'),
(727, 'MATH', 4800, 'Numerical Computing'),
(728, 'MATH', 4941, 'Math Neuroscience Modeling'),
(729, 'MATH', 4950, 'Senior Research'),
(730, 'MATH', 4961, 'Data Analytics Research Lab'),
(731, 'MATH', 6200, 'Real Analysis'),
(732, 'MATH', 6500, 'Partial Differential Equations'),
(733, 'MATH', 6600, 'Methods of Applied Mathematics'),
(734, 'MATH', 6790, 'Topics in Applied Mathematics'),
(735, 'MATH', 6800, 'Computational Linear Algebra'),
(736, 'MATH', 6820, 'Numerical Solution of Ordinary Differential Equations'),
(737, 'MATH', 6940, 'Readings in Mathematics'),
(738, 'MATH', 6950, 'Teaching Seminar for Teaching Assistants'),
(739, 'MATH', 6961, 'Data Analytics Research Lab'),
(740, 'MATH', 6980, 'Masters Project'),
(741, 'MATH', 6990, 'Masters Thesis'),
(742, 'MATH', 9990, 'Dissertation'),
(743, 'MATP', 4450, 'Data Analytics'),
(744, 'MATP', 4600, 'Probability Theory and Applications'),
(745, 'MATP', 4700, 'Mathematical Models of Operations Research'),
(746, 'MATP', 4940, 'Readings in Mathematical Programming, Probability, and Mathematical Statistics'),
(747, 'MATP', 6600, 'Introduction to Optimization'),
(748, 'MATP', 6940, 'Readings in Mathematical Programming, Probability, and Mathematical Statistics'),
(749, 'MATP', 6960, 'Topics in Optimization'),
(750, 'MATP', 6970, 'Professional Project'),
(751, 'MGMT', 1100, 'Intro To Management'),
(752, 'MGMT', 1240, 'Management Professional Development 1'),
(753, 'MGMT', 1260, 'Business Law and Ethics'),
(754, 'MGMT', 2100, 'Statistical Methods'),
(755, 'MGMT', 2300, 'Financial Accounting'),
(756, 'MGMT', 2320, 'Managerial Finance'),
(757, 'MGMT', 2430, 'Marketing Principles'),
(758, 'MGMT', 2510, 'Introduction to Data Management and Analytics'),
(759, 'MGMT', 2940, 'Studies in Management'),
(760, 'MGMT', 4100, 'Quantitative Methods for Business'),
(761, 'MGMT', 4110, 'Operations Management'),
(762, 'MGMT', 4130, 'Enterprise IT Integration'),
(763, 'MGMT', 4140, 'Computer Information Systems'),
(764, 'MGMT', 4170, 'Data Resource Management'),
(765, 'MGMT', 4220, 'Accounting Information Systems'),
(766, 'MGMT', 4240, 'Systems Analysis and Design'),
(767, 'MGMT', 4280, 'Intermediate Accounting II'),
(768, 'MGMT', 4320, 'Investments I'),
(769, 'MGMT', 4340, 'Advanced Corporate Finance'),
(770, 'MGMT', 4460, 'Consumer Behavior and Product Design'),
(771, 'MGMT', 4470, 'Marketing Research'),
(772, 'MGMT', 4510, 'Invention, Innovation, and Entrepreneurship'),
(773, 'MGMT', 4530, 'Starting Up a New Venture'),
(774, 'MGMT', 4850, 'Organizational Behavior in High Performance Organizations'),
(775, 'MGMT', 4860, 'Hr In High Performance Orgs'),
(776, 'MGMT', 4870, 'Strategy and Policy'),
(777, 'MGMT', 4900, 'Practicum In Management'),
(778, 'MGMT', 4940, 'Studies in Management'),
(779, 'MGMT', 4941, 'Research Analyst Project'),
(780, 'MGMT', 4960, 'Student Managed Investmnt Fund'),
(781, 'MGMT', 4961, 'Engineering, Science & Mgmt'),
(782, 'MGMT', 4962, 'Business Capstone'),
(783, 'MGMT', 6020, 'Financial Management I'),
(784, 'MGMT', 6040, 'Talent Management'),
(785, 'MGMT', 6060, 'Business Implications of Emerging Technologies'),
(786, 'MGMT', 6080, 'Networks and Value Creation'),
(787, 'MGMT', 6090, 'Enterprise IT Integration'),
(788, 'MGMT', 6100, 'Statistics for Managerial Decision-Making'),
(789, 'MGMT', 6190, 'Introduction to Accounting and Financial Management'),
(790, 'MGMT', 6240, 'Financial Trading and Investing'),
(791, 'MGMT', 6370, 'Derivatives Markets'),
(792, 'MGMT', 6410, 'Investments'),
(793, 'MGMT', 6460, 'Advanced Quantitative Methods for Business'),
(794, 'MGMT', 6490, 'Competitive Advantage and Operations Strategy'),
(795, 'MGMT', 6510, 'Financial Computation'),
(796, 'MGMT', 6520, 'Financial Modeling'),
(797, 'MGMT', 6530, 'Making Business Happen'),
(798, 'MGMT', 6550, 'Marketing Research'),
(799, 'MGMT', 6560, 'Technology Fundamentals for Business Analytics'),
(800, 'MGMT', 6570, 'Advanced Data Resource Management'),
(801, 'MGMT', 6630, 'Starting Up A New Venture'),
(802, 'MGMT', 6640, 'Invention, Innovation, and Entrepreneurship'),
(803, 'MGMT', 6800, 'Consumer Behavior and Product Design'),
(804, 'MGMT', 6840, 'Practicum in Management'),
(805, 'MGMT', 6940, 'Independent Study'),
(806, 'MGMT', 7030, 'Strategy, Technology, and Competition I'),
(807, 'MGMT', 7050, 'Design, Manufacturing, and Marketing I'),
(808, 'MGMT', 7230, 'Professional Development Workshop I'),
(809, 'MGMT', 7730, 'Economics and Institutions'),
(810, 'MGMT', 7740, 'Accounting for Reporting and Control'),
(811, 'MGMT', 7760, 'Risk Management'),
(812, 'MGMT', 7770, 'Professional Development Workshop I-M.S.'),
(813, 'MGMT', 7800, 'Doctoral Research Methods I'),
(814, 'MGMT', 7820, 'Foundations of Management Thought: Theoretical and Empirical Foundations of Business Research'),
(815, 'MGMT', 7840, 'Empirical Issues in Management Research'),
(816, 'MGMT', 7890, 'Research Seminar in Management Information Systems'),
(817, 'MGMT', 7960, 'Semiar In Org Behavior'),
(818, 'MGMT', 9990, 'Dissertation'),
(819, 'MTLE', 1200, 'Introduction to Materials Engineering'),
(820, 'MTLE', 2100, 'Structure of Engineering Materials'),
(821, 'MTLE', 2940, 'Readings In Mtse'),
(822, 'MTLE', 4050, 'Introduction to Polymers'),
(823, 'MTLE', 4250, 'Mechanical Properties of Materials'),
(824, 'MTLE', 4400, 'Materials Synthesis and Processing'),
(825, 'MTLE', 4720, 'Applied Mathematical Methods in Materials'),
(826, 'MTLE', 4920, 'Multidisciplinary Capstone Design'),
(827, 'MTLE', 4940, 'Readings In Mtse'),
(828, 'MTLE', 4960, 'Topics in Materials Engineering'),
(829, 'MTLE', 6030, 'Advanced Thermodynamics'),
(830, 'MTLE', 6250, 'Advanced Mechanical Properties of Materials'),
(831, 'MTLE', 6460, 'Advanced Structure and Bonding in Materials'),
(832, 'MTLE', 6900, 'Graduate Seminar'),
(833, 'MTLE', 6940, 'Materials Engineering Project'),
(834, 'MTLE', 6960, 'Topics in Materials Engineering'),
(835, 'MTLE', 6963, 'Introduction To Polymers'),
(836, 'MTLE', 6980, 'Masters Project'),
(837, 'MTLE', 6990, 'Masters Thesis'),
(838, 'MTLE', 9990, 'Dissertation'),
(839, 'PHIL', 1110, 'Introduction to Philosophy'),
(840, 'PHIL', 2140, 'Introduction to Logic'),
(841, 'PHIL', 2940, 'Philosophy Studies'),
(842, 'PHIL', 2960, 'Topics in Philosophy'),
(843, 'PHIL', 4240, 'Ethics'),
(844, 'PHIL', 4480, 'Metaphysics and Consciousness'),
(845, 'PHIL', 4940, 'Topics in Philosophy'),
(846, 'PHIL', 4990, 'Capstone Experience in Philosophy'),
(847, 'PHYS', 1010, 'A Passion for Physics'),
(848, 'PHYS', 1100, 'Physics I'),
(849, 'PHYS', 1150, 'Honors Physics I'),
(850, 'PHYS', 1200, 'Physics II'),
(851, 'PHYS', 1600, 'Materials Science'),
(852, 'PHYS', 1960, 'Topics in Physics'),
(853, 'PHYS', 1961, 'Prof. Development   Physicists'),
(854, 'PHYS', 2210, 'Quantum Physics I'),
(855, 'PHYS', 2350, 'Experimental Physics'),
(856, 'PHYS', 2960, 'Topics in Physics'),
(857, 'PHYS', 4210, 'Electromagnetic Theory'),
(858, 'PHYS', 4720, 'Solid-State Physics'),
(859, 'PHYS', 4960, 'Topics in Physics'),
(860, 'PHYS', 4961, 'Physics Teaching Seminar'),
(861, 'PHYS', 4962, 'Physics I Mentoring'),
(862, 'PHYS', 4963, 'Condensed Matter Theory Sem.'),
(863, 'PHYS', 4964, 'Photonics'),
(864, 'PHYS', 6510, 'Quantum Mechanics I'),
(865, 'PHYS', 6530, 'Quantum Mechanics III'),
(866, 'PHYS', 6590, 'Statistical Mechanics'),
(867, 'PHYS', 6900, 'Colloquium'),
(868, 'PHYS', 6980, 'Masters Project'),
(869, 'PHYS', 6990, 'Masters Thesis'),
(870, 'PHYS', 9990, 'Dissertation'),
(871, 'PSYC', 1200, 'General Psychology'),
(872, 'PSYC', 2730, 'Social Psychology'),
(873, 'PSYC', 2800, 'Introduction to Sports Psychology'),
(874, 'PSYC', 4110, 'Motivation and Performance'),
(875, 'PSYC', 4200, 'Industrial and Organizational Psychology'),
(876, 'PSYC', 4310, 'Research Methods and Statistics II'),
(877, 'PSYC', 4370, 'Cognitive Psychology'),
(878, 'PSYC', 4400, 'Personality'),
(879, 'PSYC', 4440, 'Sensibilities'),
(880, 'PSYC', 4730, 'Positive Psychology'),
(881, 'PSYC', 4740, 'Psychology and The Law'),
(882, 'PSYC', 4960, 'Topics in Psychology'),
(883, 'PSYC', 4961, 'Mindfulness'),
(884, 'PSYC', 4962, 'Physics Meets Social Science'),
(885, 'PSYC', 4963, 'Models Of Mental Processes'),
(886, 'PSYC', 4990, 'Undergraduate Thesis'),
(887, 'STSH', 1110, 'Science,Technology And Society'),
(888, 'STSH', 2940, 'Readings in Science and Technology Studies'),
(889, 'STSH', 2960, 'Topics in Science and Technology Studies'),
(890, 'STSH', 2961, 'Society By Numbers: Demography'),
(891, 'STSH', 4610, 'Product Design and Innovation Studio V'),
(892, 'STSH', 4940, 'Readings in Science and Technology Studies'),
(893, 'STSH', 4960, 'Topics in Science and Technology Studies'),
(894, 'STSH', 4961, 'Sustainability By Design'),
(895, 'STSH', 4990, 'Dis Senior Project'),
(896, 'STSH', 6940, 'Readings in Science and Technology Studies'),
(897, 'STSH', 9990, 'Dissertation'),
(898, 'STSS', 1110, 'Science, Technology, and Society'),
(899, 'STSS', 2400, 'Medicine and Society'),
(900, 'STSS', 2510, 'Cultural Anthropology'),
(901, 'STSS', 2520, 'Sociology'),
(902, 'STSS', 2940, 'Readings in Science and Technology Studies, Anthropology/Archaeology, History, Political Science, or Sociology'),
(903, 'STSS', 2961, 'Society By Numbers: Demography'),
(904, 'STSS', 2962, 'Science Fiction Cinema'),
(905, 'STSS', 4330, '21st Century Risks Robotics, Nanotechnology, Cloning, and Other Technologies'),
(906, 'STSS', 4800, 'Public Service/Professional Careers Internships'),
(907, 'STSS', 4940, 'Readings in Science and Technology Studies, Anthropology/Archaeology, History, Political Science, or Sociology'),
(908, 'STSS', 4961, 'Sustainability By Design'),
(909, 'STSS', 4963, 'Resilience Planning'),
(910, 'STSS', 4965, 'Futurism: Utopias & Dystopias'),
(911, 'STSS', 4967, 'Pd2 Tech Issues & Solutions'),
(912, 'STSS', 4980, 'Research Design'),
(913, 'STSS', 4990, 'Senior Project'),
(914, 'STSS', 6010, 'Concepts in Science and Technology Studies'),
(915, 'STSS', 6100, 'Science and Technology Policy'),
(916, 'STSS', 6940, 'Readings in Science and Technology Studies'),
(917, 'STSS', 9990, 'Dissertation'),
(918, 'USAF', 10, 'Air Force Leadership Laboratory'),
(919, 'USAF', 1010, 'Air and Space Studies 100A (Foundations of the U.S. Air Force)'),
(920, 'USAF', 2030, 'Air and Space Studies 200A (The Evolution of USAF Air and Space Power)'),
(921, 'USAF', 2050, 'Air and Space Studies 300A (Air Force Leadership Studies)'),
(922, 'USAF', 2070, 'Air and Space Studies 400A (National Security Affairs and Preparation for Active Duty)'),
(923, 'USAR', 10, 'Fundamentals of Military Science Lab I'),
(924, 'USAR', 30, 'Applied Leadership Lab I'),
(925, 'USAR', 50, 'Applied Military Leadership Lab I'),
(926, 'USAR', 70, 'Advanced Military Management and Leadership Lab I'),
(927, 'USAR', 1010, 'Fundamentals of Military Science'),
(928, 'USAR', 2010, 'Applied Leadership I'),
(929, 'USAR', 2060, 'Applied Military Leadership I'),
(930, 'USAR', 4010, 'Advanced Military Management and Leadership I'),
(931, 'USNA', 10, 'Drill/Laboratory'),
(932, 'USNA', 1010, 'Introduction to Naval Science'),
(933, 'USNA', 2030, 'Leadership and Management'),
(934, 'USNA', 2050, 'Navigation'),
(935, 'USNA', 2070, 'Naval Ships Systems II'),
(936, 'WRIT', 1110, 'Writing in Context'),
(937, 'WRIT', 2110, 'Strategic Writing'),
(938, 'WRIT', 2310, 'Creative Writing: Poetry'),
(939, 'WRIT', 2320, 'Creative Writing: Non Fiction'),
(940, 'WRIT', 2330, 'Creative Writing:  The Short Story'),
(941, 'WRIT', 2340, 'Speech Communication'),
(942, 'WRIT', 4170, 'Writing for Promotion and Marketing'),
(943, 'ARTS', 4960, 'Visual Reality Projects'),
(944, 'CHEM', 4970, 'Advanced Research Project'),
(945, 'CHEM', 6990, 'Masters Thesis'),
(946, 'CHME', 6990, 'Masters Thesis'),
(947, 'COGS', 4990, 'Undergraduate Thesis'),
(948, 'CSCI', 6980, 'Masters Project'),
(949, 'CSCI', 6990, 'Masters Thesis'),
(950, 'CSCI', 9990, 'Dissertation'),
(951, 'ECSE', 6980, 'Masters Project'),
(952, 'ECSE', 6990, 'Masters Thesis'),
(953, 'ENGR', 1600, 'Materials Science For Engrs'),
(954, 'ENGR', 2050, 'Intro Engr Design'),
(955, 'ENGR', 2600, 'Modeling & Analysis Uncertaint'),
(956, 'ENVE', 6980, 'Masters Project'),
(957, 'ENVE', 6990, 'Masters Thesis'),
(958, 'MANE', 6980, 'Masters Project'),
(959, 'MANE', 6990, 'Masters Thesis'),
(960, 'MATH', 2010, 'Multivar Calc & Matrix Algebra'),
(961, 'MATP', 4450, 'Data Analytics'),
(962, 'MGMT', 1100, 'Introduction To Management'),
(963, 'MGMT', 4860, 'Hr In High Performance Orgs'),
(964, 'PHYS', 6980, 'Masters Project'),
(965, 'PHYS', 6990, 'Masters Thesis'),
(966, 'STSH', 1110, 'Science,Technology And Society'),
(967, 'STSS', 6990, 'Masters Thesis'),
(968, 'CIVL', 6520, 'Adv Found And Earth Struc'),
(969, 'MTLE', 2940, 'Readings In Mtse'),
(970, 'MTLE', 4500, 'Computational Materials Design'),
(971, 'BMED', 4280, 'Biomechanics Of Soft Tissues'),
(972, 'ISCI', 4510, 'Origins Of Life Seminar'),
(973, 'ASTR', 4900, 'Astrophysics Undergrad Seminar'),
(974, 'ASTR', 6900, 'Astrophysics Seminar'),
(975, 'BMED', 4510, 'Mechanobiology'),
(976, 'BMED', 4650, 'Intro To Cell And Tissue Eng'),
(977, 'BMED', 4960, 'Chromatography Separation Proc'),
(978, 'BMED', 6280, 'Biomech Of Soft Tissues'),
(979, 'BMED', 6650, 'Intro To Cell And Tissue Engr'),
(980, 'CHME', 4160, 'Chem Engr Lab Ii'),
(981, 'CHME', 4170, 'Biotechnol & Bioprocessing Lab'),
(982, 'CHME', 6830, 'Combustion'),
(983, 'COMM', 4690, 'Interface Design'),
(984, 'CSCI', 4450, 'Principles Of Program Analysis'),
(985, 'CSCI', 6450, 'Principles Of Program Analysis'),
(986, 'ERTH', 4510, 'Origins Of Life'),
(987, 'IHSS', 6960, 'Ethnography'),
(988, 'COGS', 6963, 'Aging & Experience'),
(989, 'COMM', 4780, 'Interactive Narrative'),
(990, 'COMM', 6780, 'Interactive Narrative'),
(991, 'IHSS', 1960, 'Songwriting  Reflect The Times'),
(992, 'IHSS', 1974, 'Media And Society'),
(993, 'IHSS', 1975, 'Century Of Env. Thought'),
(994, 'PSYC', 2220, 'Human Factors In Design'),
(995, 'STSS', 4260, 'Food, Farms & Famine'),
(996, 'COMM', 4380, 'Writing And Response'),
(997, 'CSCI', 1100, 'Computer Science I'),
(998, 'PHIL', 2100, 'Critical Thinking'),
(999, 'PSYC', 2100, 'Critical Thinking'),
(1000, 'STSH', 4990, 'Dis Senior Project'),
(1001, 'STSS', 2100, 'Investigating Society'),
(1002, 'ARCH', 4959, 'Oxymoronic Figures'),
(1003, 'MGMT', 4900, 'Practicum In Management'),
(1004, 'ARCH', 4530, 'Building Sciences Capstone'),
(1005, 'ENGR', 4760, 'Engineering Economics'),
(1006, 'MGMT', 6370, 'Derivatives Markets'),
(1007, 'MGMT', 6410, 'Investments'),
(1008, 'PHYS', 6960, 'Condensed Matter Theory'),
(1009, 'COMM', 4960, 'Level Design'),
(1010, 'GSAS', 4540, 'Game Development Ii'),
(1011, 'ARCH', 2360, 'Environmental And Ecol System'),
(1012, 'ARCH', 4150, 'Contemporary Design Approaches'),
(1013, 'ARCH', 4590, 'Entrepreneurship &Architecture'),
(1014, 'ARCH', 5310, 'Environmental & Ecological Sys'),
(1015, 'ARCH', 5330, 'Entrepreneurship &Architecture'),
(1016, 'ARCH', 6680, 'History, Theory, Criticism 3');
INSERT INTO `Courses` (`course_id`, `subject`, `course_number`, `course_name`) VALUES
(1017, 'ARTS', 2020, 'Music And Technology 1'),
(1018, 'CHEM', 1600, 'Materials Science'),
(1019, 'COGS', 4320, 'Game Mechanics'),
(1020, 'COGS', 4540, 'Game Development Ii'),
(1021, 'COMM', 4240, 'Writing For Games I'),
(1022, 'CSCI', 4540, 'Game Development Ii'),
(1023, 'ENGR', 1010, 'Professional Development I'),
(1024, 'ENGR', 2700, 'Intro Manufacturing Planning'),
(1025, 'GSAS', 2540, 'Intro To Game Programming'),
(1026, 'ISCI', 1600, 'Materials Science'),
(1027, 'ISYE', 2210, 'Prod And Operations Mgmt'),
(1028, 'PHYS', 1600, 'Materials Science'),
(1029, 'PHYS', 4100, 'Intro Quantum Mech'),
(1030, 'CHME', 2020, 'Energy, Entropy, & Equilibrium'),
(1031, 'ENGR', 4010, 'Professional Devel Iii'),
(1032, 'MATH', 1020, 'Calculus Ii'),
(1033, 'MATH', 2400, 'Intro Diff Equations'),
(1034, 'COMM', 2570, 'Typography'),
(1035, 'COMM', 4460, 'Visual Design'),
(1036, 'BIOL', 6960, 'Curr Topics Cytoskeletal Rsch'),
(1037, 'ARCH', 4740, 'Bldg Systems And Environment'),
(1038, 'ARCH', 4920, 'Final Project Design Studio'),
(1039, 'ARCH', 5360, 'Building Systems & Environment'),
(1040, 'COMM', 4470, 'Information Design'),
(1041, 'ECSE', 2110, 'Electrical Energy Systems'),
(1042, 'ECSE', 9990, 'Dissertation'),
(1043, 'MANE', 4540, 'Digital Control Systems'),
(1044, 'BMED', 6960, 'Chromatography Separation Proc'),
(1045, 'ENGR', 1100, 'Intro To Engr Analysis'),
(1046, 'ENGR', 2530, 'Strength Of Materials'),
(1047, 'GSAS', 4961, 'Level Design'),
(1048, 'ARCH', 4550, 'Professional Practice 2'),
(1049, 'ARCH', 5390, 'Professional Practice Ii'),
(1050, 'CIVL', 6980, 'Masters Project'),
(1051, 'BIOL', 9990, 'Dissertation'),
(1052, 'CHEM', 1100, 'Chemistry I'),
(1053, 'ARCH', 6380, 'Environmental Parametrics'),
(1054, 'MGMT', 7810, 'Doctorial Research Methods Ii'),
(1055, 'PHYS', 6900, 'Physics Colloquium');

-- --------------------------------------------------------

--
-- Table structure for table `Matches`
--

CREATE TABLE `Matches` (
  `match_id` int(11) NOT NULL,
  `student_id1` int(11) NOT NULL,
  `student_id2` int(11) NOT NULL,
  `status` varchar(15) NOT NULL
) ENGINE=InnoDB DEFAULT CHARSET=latin1;

--
-- Dumping data for table `Matches`
--

INSERT INTO `Matches` (`match_id`, `student_id1`, `student_id2`, `status`) VALUES
(1, 1, 3, 'Pending'),
(2, 1, 4, 'Removed'),
(3, 5, 6, 'Pending'),
(4, 5, 1, 'Pending'),
(5, 5, 7, 'Pending'),
(6, 5, 4, 'Accepted'),
(7, 5, 2, 'Pending'),
(8, 5, 3, 'Accepted'),
(9, 8, 7, 'Pending'),
(10, 8, 1, 'Pending'),
(11, 8, 5, 'Pending'),
(12, 8, 6, 'Pending'),
(13, 8, 4, 'Pending'),
(14, 8, 10, 'Accepted'),
(15, 8, 2, 'Pending'),
(16, 11, 10, 'Removed'),
(17, 12, 11, 'Accepted');

-- --------------------------------------------------------

--
-- Table structure for table `Messages`
--

CREATE TABLE `Messages` (
  `message_id` int(11) NOT NULL,
  `match_id` int(11) NOT NULL,
  `student_id` int(11) NOT NULL,
  `text` text NOT NULL,
  `created_at` datetime NOT NULL
) ENGINE=InnoDB DEFAULT CHARSET=latin1;

-- --------------------------------------------------------

--
-- Table structure for table `Sc_relation`
--

CREATE TABLE `Sc_relation` (
  `student_id` int(11) NOT NULL,
  `course_id` int(11) NOT NULL,
  `priority` int(11) NOT NULL
) ENGINE=InnoDB DEFAULT CHARSET=latin1;

--
-- Dumping data for table `Sc_relation`
--

INSERT INTO `Sc_relation` (`student_id`, `course_id`, `priority`) VALUES
(1, 23, 5),
(1, 358, 7),
(3, 356, 5),
(3, 358, 10),
(3, 611, 5),
(3, 612, 1),
(4, 4, 6),
(4, 23, 1),
(5, 358, 10),
(5, 359, 10),
(5, 611, 1),
(5, 612, 1),
(6, 358, 1),
(6, 611, 8),
(6, 612, 8),
(6, 615, 1),
(7, 358, 10),
(7, 359, 5),
(7, 360, 5),
(7, 362, 5),
(8, 372, 1),
(8, 615, 6),
(10, 358, 10),
(10, 612, 10),
(10, 712, 5),
(10, 848, 4),
(11, 611, 9),
(11, 711, 4),
(11, 848, 1),
(11, 871, 1),
(12, 611, 10),
(12, 711, 6),
(12, 848, 1),
(12, 871, 1);

-- --------------------------------------------------------

--
-- Table structure for table `Students`
--

CREATE TABLE `Students` (
  `user_id` int(11) NOT NULL,
  `first_name` varchar(50) NOT NULL,
  `last_name` varchar(50) NOT NULL,
  `email` varchar(255) NOT NULL,
  `password` varchar(255) NOT NULL,
  `salt` varchar(255) NOT NULL,
  `school` varchar(50) NOT NULL,
  `photo` varchar(255) DEFAULT NULL,
  `graduation_semester` varchar(10) DEFAULT NULL,
  `graduation_year` int(11) DEFAULT NULL,
  `major` varchar(50) DEFAULT NULL,
  `minor` varchar(50) DEFAULT NULL
) ENGINE=InnoDB DEFAULT CHARSET=latin1;

--
-- Dumping data for table `Students`
--

INSERT INTO `Students` (`user_id`, `first_name`, `last_name`, `email`, `password`, `salt`, `school`, `photo`, `graduation_semester`, `graduation_year`, `major`, `minor`) VALUES
(1, 'Chris', 'Lipscomb', 'risch1997@aol.com', 'cc0c9d0764470ecfa1a15d7a9e318f27f30ba71db47b8f125c40cb045029a1a2', '6179e33aba375e16590a4f262dcaf1e51ee44254b1815f568bc3a0f70683bd81', 'rpi', NULL, 'fall', 2019, 'Computer Science', 'None'),
(2, 'Thilanka', 'Munasinghe', 'munast@rpi.edu', '34c7b98c3f8967f43de3d2c7fa8e5bc12bd1873062de265f577582e01e3adca4', '36fa193c985754474266310adba36ad79f863f0d03ef12001c15f7a3cdcf0b20', 'rpi', NULL, NULL, NULL, NULL, NULL),
(3, 'Havea', 'Diecoke', 'hzz@rpi.edu', '2888229dd12624d8f6f65ebd3bb248853f6badfcd850408804df44d6d4a1f723', '2c9aedbf4b5ed5f994fef76a7f00f1a1ac39050527e09a42e5070f6958a7b64d', 'rpi', NULL, 'Fall', 2021, 'Computer Science', 'None'),
(4, 'Aaron', 'Taylor', 'tayloa5@rpi.edu', '4c651f5ed3aff44e15790074976ff6ae8658fba063c105df7e63e7efca8d53f0', '46fa3656eef2f7a465739270b3a55ef300479c22f802f69a001f6759192b919b', 'rpi', NULL, 'fall', 2019, 'Computer Science', 'None'),
(5, 'Steve', 'Nojobs', 'test@test.com', '391325be9edf3a30c6b0b1b75182efc3fd797467384d30f2975a394d0664503f', 'e5ed645e66e7e03a4f67571e42b369c977d3ddca48a79eec909aa0871ca6a63b', 'rpi', NULL, 'Fall', 2021, 'Computer Science', 'None'),
(6, 'Lmao', 'Leonaldo', 'test2@test.com', '8831861aa443b4d25e1530babb4121f88d3d3379446277c9b7cb620dc6445776', 'ceb3b805f13decedf98df46bf07548b0e35cd3b759de71e967710f0e83fd237c', 'rpi', NULL, 'Fall', 2021, 'Computer Science', 'None'),
(7, 'Tinker', 'Dota', 'test3@test.com', 'ff4a53e855d7bfb94b2501a4d4c4b838512a0450b2a0f60e5d1bc31893790eb7', 'd6d197f3d2e9fefb0969216b2558a26d3b1c1200093a45463c79b8b6795a9b40', 'rpi', NULL, 'Fall', 2021, 'Computer Science', 'None'),
(8, 'John', 'Fantell', 'fantej@rpi.edu', '49ba4efbcd0a97b300d6458860630f85d2a6a811f88b12f9ca25c2baaa43b0e1', '228f814a92940663009a921c520f9cca9eb167f12aeebe3c9b71fa9660181f1d', 'rpi', NULL, 'Fall', 2021, 'Computer Science', 'None'),
(9, 'First', 'Last', 'test@test', 'ccf4209dd20aa3097faa3d4690311ba7e7ee1f75488786711df0e1fc1ce9591d', '9ee4910157eedad32c1241e7536936cb181fd367e99c618103677fd07bd752c1', 'rpi', NULL, NULL, NULL, NULL, NULL),
(10, 'Iam', 'Atest', 'test@test.org', '8d6ea4a7c19059f5e8ff15ffef59d763874d27540d4caabc7eb84aaa6faacaf9', '08bbb2a3109e1714b0d53e92a4ce89345c7d2a8fd15dd4983a67c18c2ff9b1e5', 'rpi', NULL, 'Fall', 2022, 'Computer Science', 'None'),
(11, 'First', 'Last', 'test4@test.com', 'eada7c4a8c0242266fc7de775dd1e613f730b1d88c970999b525d3b47d1a33ea', '707b0f469a00f7ddff6369509e0d6ab8fcfd7490f0b90d0d33ba276a2b3b92ca', 'rpi', NULL, 'Fall', 2022, 'Computer Science', 'None'),
(12, 'Chris', 'Lipscomb', 'test5@test.com', 'f7e0d0ff916342016cad3fe40a5ea276daac801df51bb1db65c5122509662b28', '04fc9b1fb4a0d5e9f0eb0d5568410b411c25643753eeaba12513e449128b58e7', 'rpi', NULL, 'Fall', 2022, 'Computer Science', 'None');

--
-- Indexes for dumped tables
--

--
-- Indexes for table `Courses`
--
ALTER TABLE `Courses`
  ADD PRIMARY KEY (`course_id`);

--
-- Indexes for table `Matches`
--
ALTER TABLE `Matches`
  ADD PRIMARY KEY (`match_id`);

--
-- Indexes for table `Messages`
--
ALTER TABLE `Messages`
  ADD PRIMARY KEY (`message_id`);

--
-- Indexes for table `Sc_relation`
--
ALTER TABLE `Sc_relation`
  ADD PRIMARY KEY (`student_id`,`course_id`);

--
-- Indexes for table `Students`
--
ALTER TABLE `Students`
  ADD PRIMARY KEY (`user_id`);

--
-- AUTO_INCREMENT for dumped tables
--

--
-- AUTO_INCREMENT for table `Courses`
--
ALTER TABLE `Courses`
  MODIFY `course_id` int(11) NOT NULL AUTO_INCREMENT, AUTO_INCREMENT=71401;
--
-- AUTO_INCREMENT for table `Matches`
--
ALTER TABLE `Matches`
  MODIFY `match_id` int(11) NOT NULL AUTO_INCREMENT, AUTO_INCREMENT=18;
--
-- AUTO_INCREMENT for table `Messages`
--
ALTER TABLE `Messages`
  MODIFY `message_id` int(11) NOT NULL AUTO_INCREMENT;
--
-- AUTO_INCREMENT for table `Students`
--
ALTER TABLE `Students`
  MODIFY `user_id` int(11) NOT NULL AUTO_INCREMENT, AUTO_INCREMENT=14;
/*!40101 SET CHARACTER_SET_CLIENT=@OLD_CHARACTER_SET_CLIENT */;
/*!40101 SET CHARACTER_SET_RESULTS=@OLD_CHARACTER_SET_RESULTS */;
/*!40101 SET COLLATION_CONNECTION=@OLD_COLLATION_CONNECTION */;
